ativo;data_leitura;gerado_em;preco;tendencia;vies;local;vol;hv_pct;atr;mme21;sup_low;sup_high;res_low;res_high;evento;evento_dias;mercado;sinais;plano_opcoes
PETR4;2026-09-30;2026-09-30 13:33;49.58;Alta forte;alta;na resistência;média;0.643;1.217;47.95;47.3;47.3;49.85;50.7;Eleições 1º turno;4;Alta;Volatilidade comprimida;Esperar o rompimento confirmado (fechamento acima com volume).
VALE3;2026-09-30;2026-09-30 13:33;69.85;Baixa forte;baixa;perdendo suporte;média;0.464;1.829;73.36;67.72;67.72;70.69;72.39;Eleições 1º turno;4;Alta;Perda de suporte | Repique na tendência de baixa;Compra de put ATM ou ITM (Δ ≥ 60).
BPAC11;2026-09-30;2026-09-30 13:33;63.74;Alta forte;alta;rompendo resistência;baixa;0.127;1.551;60.8;62.64;62.99;64.32;64.32;Eleições 1º turno;4;Alta;Rompimento de resistência | Cruzamento de alta 50/200;"Compra de call ATM ou ITM (Δ ≥ 60); evite call barata de Δ baixo."
BBAS3;2026-09-30;2026-09-30 13:33;22.6;Alta;alta;rompendo resistência;alta;0.754;0.724;21.89;21.05;21.67;22.14;23.81;Eleições 1º turno;4;Alta;Rompimento de resistência | Pullback na tendência de alta | Topo duplo em formação | Divergência baixista no IFR;Venda de put com strike abaixo de R$ 21,05 (vol alta paga bem).
BBSE3;2026-09-30;2026-09-30 13:33;39.27;Lateral;neutro;no suporte;alta;0.817;0.888;39.57;38.86;39.58;40.12;40.22;Eleições 1º turno;4;Alta;;Vol alta: venda de put abaixo de R$ 38,86. Vol baixa: compra de call ATM com alvo na resistência.
B3SA3;2026-09-30;2026-09-30 13:33;18.25;Alta forte;alta;no suporte;baixa;0.234;0.514;17.46;17.9;17.9;18.53;18.63;Eleições 1º turno;4;Alta;Volatilidade comprimida;"Compra de call ATM ou ITM (Δ ≥ 60); evite call barata de Δ baixo."
KLBN11;2026-09-30;2026-09-30 13:33;18.15;Alta;alta;no suporte;média;0.579;0.426;18.75;17.87;17.87;18.13;18.73;Eleições 1º turno;4;Alta;Divergência baixista no IFR | Cruzamento de alta 50/200;"Compra de call ATM ou ITM (Δ ≥ 60); evite call barata de Δ baixo."
BRAP4;2026-09-30;2026-09-30 13:33;20.3;Baixa forte;baixa;no suporte;alta;0.742;0.548;21.1;19.86;19.98;20.61;20.77;Eleições 1º turno;4;Alta;Repique na tendência de baixa;Esperar a perda do suporte ou um sinal de reversão.
SUZB3;2026-09-30;2026-09-30 13:33;44.42;Alta;alta;rompendo resistência;média;0.607;1.08;45.96;43.71;44.37;45.22;45.22;Eleições 1º turno;4;Alta;Rompimento de resistência | Divergência baixista no IFR;"Compra de call ATM ou ITM (Δ ≥ 60); evite call barata de Δ baixo."
PSSA3;2026-09-30;2026-09-30 13:33;46.99;Baixa;baixa;no suporte;baixa;0.167;1.047;48.64;45.9;46.32;47.45;47.84;Eleições 1º turno;4;Alta;Repique na tendência de baixa | Cruzamento de baixa 50/200;Esperar a perda do suporte ou um sinal de reversão.
ITUB4;2026-09-30;2026-09-30 13:33;44.07;Alta;alta;rompendo resistência;média;0.627;0.991;42.08;43.15;43.15;43.86;44.64;Eleições 1º turno;4;Alta;Rompimento de resistência | Pullback na tendência de alta | Volatilidade comprimida;"Compra de call ATM ou ITM (Δ ≥ 60); evite call barata de Δ baixo."
BBDC4;2026-09-30;2026-09-30 13:33;18.26;Lateral;neutro;na resistência;média;0.56;0.413;17.89;17.57;17.58;17.87;19.13;Eleições 1º turno;4;Alta;Topo duplo em formação | Volatilidade comprimida | Divergência baixista no IFR;Vol alta: venda de call acima de R$ 19,13. Vol baixa: compra de put ATM com alvo no suporte.
AXIA3;2026-09-30;2026-09-30 13:33;54.95;Lateral;neutro;no suporte;baixa;0.246;1.368;54.57;53.51;54.15;55.09;56.19;Eleições 1º turno;4;Alta;Volatilidade comprimida;Vol alta: venda de put abaixo de R$ 53,51. Vol baixa: compra de call ATM com alvo na resistência.
PRIO3;2026-09-30;2026-09-30 13:33;61.78;Alta;alta;rompendo resistência;média;0.683;1.942;61.71;60.8;61.35;62.85;66.08;Eleições 1º turno;4;Alta;Rompimento de resistência | Rompimento de resistência | Topo duplo em formação;"Compra de call ATM ou ITM (Δ ≥ 60); evite call barata de Δ baixo."
